scheme,bits,lam,op,warmup,rep,elapsed_ns,icert_len_bytes,pk_len_bytes,sk_len_bytes
schnorr,2048,128,Setup,1,0,7924800,0,33,32
schnorr,2048,128,iCertGen,1,0,1217300,44,33,32
schnorr,2048,128,SKGen,1,0,63700,44,33,32
schnorr,2048,128,PKRecon,1,0,5446800,44,33,32
schnorr,2048,128,Setup,1,1,530600,0,33,32
schnorr,2048,128,iCertGen,1,1,1224300,44,33,32
schnorr,2048,128,SKGen,1,1,61300,44,33,32
schnorr,2048,128,PKRecon,1,1,5205500,44,33,32
schnorr,2048,128,Setup,1,2,558600,0,33,32
schnorr,2048,128,iCertGen,1,2,1254500,44,33,32
schnorr,2048,128,SKGen,1,2,64400,44,33,32
schnorr,2048,128,PKRecon,1,2,5240500,44,33,32
schnorr,2048,128,Setup,1,3,537700,0,33,32
schnorr,2048,128,iCertGen,1,3,1214600,44,33,32
schnorr,2048,128,SKGen,1,3,61500,44,33,32
schnorr,2048,128,PKRecon,1,3,5686200,44,33,32
schnorr,2048,128,Setup,1,4,567600,0,33,32
schnorr,2048,128,iCertGen,1,4,1160500,44,33,32
schnorr,2048,128,SKGen,1,4,54100,44,33,32
schnorr,2048,128,PKRecon,1,4,5013700,44,33,32
schnorr,2048,128,Setup,1,5,584500,0,33,32
schnorr,2048,128,iCertGen,1,5,1249600,44,33,32
schnorr,2048,128,SKGen,1,5,56900,44,33,32
schnorr,2048,128,PKRecon,1,5,5490200,44,33,32
schnorr,2048,128,Setup,1,6,545400,0,33,32
schnorr,2048,128,iCertGen,1,6,1205500,44,33,32
schnorr,2048,128,SKGen,1,6,53600,44,33,32
schnorr,2048,128,PKRecon,1,6,5257300,44,33,32
schnorr,2048,128,Setup,1,7,523500,0,33,32
schnorr,2048,128,iCertGen,1,7,1222400,44,33,32
schnorr,2048,128,SKGen,1,7,56200,44,33,32
schnorr,2048,128,PKRecon,1,7,5189000,44,33,32
schnorr,2048,128,Setup,1,8,554800,0,33,32
schnorr,2048,128,iCertGen,1,8,1242100,44,33,32
schnorr,2048,128,SKGen,1,8,57000,44,33,32
schnorr,2048,128,PKRecon,1,8,5287800,44,33,32
schnorr,2048,128,Setup,1,9,544200,0,33,32
schnorr,2048,128,iCertGen,1,9,1184400,44,33,32
schnorr,2048,128,SKGen,1,9,55200,44,33,32
schnorr,2048,128,PKRecon,1,9,5151900,44,33,32
schnorr,2048,128,Setup,1,10,524100,0,33,32
schnorr,2048,128,iCertGen,1,10,1251200,44,33,32
schnorr,2048,128,SKGen,1,10,56500,44,33,32
schnorr,2048,128,PKRecon,1,10,5396100,44,33,32
schnorr,2048,128,Setup,1,11,550200,0,33,32
schnorr,2048,128,iCertGen,1,11,1178700,44,33,32
schnorr,2048,128,SKGen,1,11,53100,44,33,32
schnorr,2048,128,PKRecon,1,11,5073300,44,33,32
schnorr,2048,128,Setup,1,12,493700,0,33,32
schnorr,2048,128,iCertGen,1,12,1175400,44,33,32
schnorr,2048,128,SKGen,1,12,56500,44,33,32
schnorr,2048,128,PKRecon,1,12,5370100,44,33,32
schnorr,2048,128,Setup,1,13,552200,0,33,32
schnorr,2048,128,iCertGen,1,13,1142200,44,33,32
schnorr,2048,128,SKGen,1,13,57400,44,33,32
schnorr,2048,128,PKRecon,1,13,5517400,44,33,32
schnorr,2048,128,Setup,1,14,559900,0,33,32
schnorr,2048,128,iCertGen,1,14,1184900,44,33,32
schnorr,2048,128,SKGen,1,14,56100,44,33,32
schnorr,2048,128,PKRecon,1,14,5066600,44,33,32
schnorr,2048,128,Setup,1,15,551600,0,33,32
schnorr,2048,128,iCertGen,1,15,1147100,44,33,32
schnorr,2048,128,SKGen,1,15,52500,44,33,32
schnorr,2048,128,PKRecon,1,15,4900800,44,33,32
schnorr,2048,128,Setup,1,16,606800,0,33,32
schnorr,2048,128,iCertGen,1,16,1188200,44,33,32
schnorr,2048,128,SKGen,1,16,55700,44,33,32
schnorr,2048,128,PKRecon,1,16,5267100,44,33,32
schnorr,2048,128,Setup,1,17,610200,0,33,32
schnorr,2048,128,iCertGen,1,17,1240300,44,33,32
schnorr,2048,128,SKGen,1,17,55500,44,33,32
schnorr,2048,128,PKRecon,1,17,5406200,44,33,32
schnorr,2048,128,Setup,1,18,585100,0,33,32
schnorr,2048,128,iCertGen,1,18,1231000,44,33,32
schnorr,2048,128,SKGen,1,18,55300,44,33,32
schnorr,2048,128,PKRecon,1,18,5176600,44,33,32
schnorr,2048,128,Setup,1,19,540200,0,33,32
schnorr,2048,128,iCertGen,1,19,1225300,44,33,32
schnorr,2048,128,SKGen,1,19,55600,44,33,32
schnorr,2048,128,PKRecon,1,19,5186900,44,33,32
schnorr,2048,128,Setup,0,0,582800,0,33,32
schnorr,2048,128,iCertGen,0,0,1215700,44,33,32
schnorr,2048,128,SKGen,0,0,57200,44,33,32
schnorr,2048,128,PKRecon,0,0,5554200,44,33,32
schnorr,2048,128,Setup,0,1,538500,0,33,32
schnorr,2048,128,iCertGen,0,1,1160500,44,33,32
schnorr,2048,128,SKGen,0,1,54400,44,33,32
schnorr,2048,128,PKRecon,0,1,4989700,44,33,32
schnorr,2048,128,Setup,0,2,586000,0,33,32
schnorr,2048,128,iCertGen,0,2,1234100,44,33,32
schnorr,2048,128,SKGen,0,2,57800,44,33,32
schnorr,2048,128,PKRecon,0,2,5434000,44,33,32
schnorr,2048,128,Setup,0,3,519600,0,33,32
schnorr,2048,128,iCertGen,0,3,1242300,44,33,32
schnorr,2048,128,SKGen,0,3,59200,44,33,32
schnorr,2048,128,PKRecon,0,3,5406700,44,33,32
schnorr,2048,128,Setup,0,4,592700,0,33,32
schnorr,2048,128,iCertGen,0,4,1214800,44,33,32
schnorr,2048,128,SKGen,0,4,56100,44,33,32
schnorr,2048,128,PKRecon,0,4,7554200,44,33,32
schnorr,2048,128,Setup,0,5,684500,0,33,32
schnorr,2048,128,iCertGen,0,5,1409600,44,33,32
schnorr,2048,128,SKGen,0,5,56900,44,33,32
schnorr,2048,128,PKRecon,0,5,5473400,44,33,32
schnorr,2048,128,Setup,0,6,576500,0,33,32
schnorr,2048,128,iCertGen,0,6,1321000,44,33,32
schnorr,2048,128,SKGen,0,6,55100,44,33,32
schnorr,2048,128,PKRecon,0,6,5108100,44,33,32
schnorr,2048,128,Setup,0,7,588100,0,33,32
schnorr,2048,128,iCertGen,0,7,1221400,44,33,32
schnorr,2048,128,SKGen,0,7,54500,44,33,32
schnorr,2048,128,PKRecon,0,7,5274100,44,33,32
schnorr,2048,128,Setup,0,8,545000,0,33,32
schnorr,2048,128,iCertGen,0,8,1258500,44,33,32
schnorr,2048,128,SKGen,0,8,56300,44,33,32
schnorr,2048,128,PKRecon,0,8,5409600,44,33,32
schnorr,2048,128,Setup,0,9,529000,0,33,32
schnorr,2048,128,iCertGen,0,9,1794100,44,33,32
schnorr,2048,128,SKGen,0,9,54600,44,33,32
schnorr,2048,128,PKRecon,0,9,5754900,44,33,32
schnorr,2048,128,Setup,0,10,584700,0,33,32
schnorr,2048,128,iCertGen,0,10,1256000,44,33,32
schnorr,2048,128,SKGen,0,10,56800,44,33,32
schnorr,2048,128,PKRecon,0,10,5516900,44,33,32
schnorr,2048,128,Setup,0,11,563100,0,33,32
schnorr,2048,128,iCertGen,0,11,1349300,44,33,32
schnorr,2048,128,SKGen,0,11,59300,44,33,32
schnorr,2048,128,PKRecon,0,11,5384800,44,33,32
schnorr,2048,128,Setup,0,12,552500,0,33,32
schnorr,2048,128,iCertGen,0,12,1186700,44,33,32
schnorr,2048,128,SKGen,0,12,61100,44,33,32
schnorr,2048,128,PKRecon,0,12,5302100,44,33,32
schnorr,2048,128,Setup,0,13,516600,0,33,32
schnorr,2048,128,iCertGen,0,13,1204900,44,33,32
schnorr,2048,128,SKGen,0,13,54600,44,33,32
schnorr,2048,128,PKRecon,0,13,5379700,44,33,32
schnorr,2048,128,Setup,0,14,566200,0,33,32
schnorr,2048,128,iCertGen,0,14,1276800,44,33,32
schnorr,2048,128,SKGen,0,14,57200,44,33,32
schnorr,2048,128,PKRecon,0,14,5149700,44,33,32
schnorr,2048,128,Setup,0,15,549400,0,33,32
schnorr,2048,128,iCertGen,0,15,1192800,44,33,32
schnorr,2048,128,SKGen,0,15,55900,44,33,32
schnorr,2048,128,PKRecon,0,15,5576800,44,33,32
schnorr,2048,128,Setup,0,16,557600,0,33,32
schnorr,2048,128,iCertGen,0,16,1130600,44,33,32
schnorr,2048,128,SKGen,0,16,56500,44,33,32
schnorr,2048,128,PKRecon,0,16,5408200,44,33,32
schnorr,2048,128,Setup,0,17,524200,0,33,32
schnorr,2048,128,iCertGen,0,17,1157500,44,33,32
schnorr,2048,128,SKGen,0,17,53600,44,33,32
schnorr,2048,128,PKRecon,0,17,5184300,44,33,32
schnorr,2048,128,Setup,0,18,526200,0,33,32
schnorr,2048,128,iCertGen,0,18,1170800,44,33,32
schnorr,2048,128,SKGen,0,18,55400,44,33,32
schnorr,2048,128,PKRecon,0,18,5137000,44,33,32
schnorr,2048,128,Setup,0,19,526400,0,33,32
schnorr,2048,128,iCertGen,0,19,1177700,44,33,32
schnorr,2048,128,SKGen,0,19,54900,44,33,32
schnorr,2048,128,PKRecon,0,19,5186900,44,33,32
schnorr,2048,128,Setup,0,20,536200,0,33,32
schnorr,2048,128,iCertGen,0,20,1185800,44,33,32
schnorr,2048,128,SKGen,0,20,55700,44,33,32
schnorr,2048,128,PKRecon,0,20,5193100,44,33,32
schnorr,2048,128,Setup,0,21,548600,0,33,32
schnorr,2048,128,iCertGen,0,21,1179900,44,33,32
schnorr,2048,128,SKGen,0,21,55100,44,33,32
schnorr,2048,128,PKRecon,0,21,5145500,44,33,32
schnorr,2048,128,Setup,0,22,515800,0,33,32
schnorr,2048,128,iCertGen,0,22,1231600,44,33,32
schnorr,2048,128,SKGen,0,22,62000,44,33,32
schnorr,2048,128,PKRecon,0,22,5314300,44,33,32
schnorr,2048,128,Setup,0,23,501500,0,33,32
schnorr,2048,128,iCertGen,0,23,1193300,44,33,32
schnorr,2048,128,SKGen,0,23,57800,44,33,32
schnorr,2048,128,PKRecon,0,23,5378400,44,33,32
schnorr,2048,128,Setup,0,24,552200,0,33,32
schnorr,2048,128,iCertGen,0,24,1211900,44,33,32
schnorr,2048,128,SKGen,0,24,57300,44,33,32
schnorr,2048,128,PKRecon,0,24,4961800,44,33,32
schnorr,2048,128,Setup,0,25,549700,0,33,32
schnorr,2048,128,iCertGen,0,25,1117600,44,33,32
schnorr,2048,128,SKGen,0,25,56400,44,33,32
schnorr,2048,128,PKRecon,0,25,5386600,44,33,32
schnorr,2048,128,Setup,0,26,516600,0,33,32
schnorr,2048,128,iCertGen,0,26,1136500,44,33,32
schnorr,2048,128,SKGen,0,26,56900,44,33,32
schnorr,2048,128,PKRecon,0,26,5476000,44,33,32
schnorr,2048,128,Setup,0,27,523800,0,33,32
schnorr,2048,128,iCertGen,0,27,1617400,44,33,32
schnorr,2048,128,SKGen,0,27,60800,44,33,32
schnorr,2048,128,PKRecon,0,27,5255700,44,33,32
schnorr,2048,128,Setup,0,28,536800,0,33,32
schnorr,2048,128,iCertGen,0,28,1225600,44,33,32
schnorr,2048,128,SKGen,0,28,58700,44,33,32
schnorr,2048,128,PKRecon,0,28,5457000,44,33,32
schnorr,2048,128,Setup,0,29,529500,0,33,32
schnorr,2048,128,iCertGen,0,29,1212600,44,33,32
schnorr,2048,128,SKGen,0,29,56800,44,33,32
schnorr,2048,128,PKRecon,0,29,5262800,44,33,32
schnorr,2048,128,Setup,0,30,585400,0,33,32
schnorr,2048,128,iCertGen,0,30,1194300,44,33,32
schnorr,2048,128,SKGen,0,30,56500,44,33,32
schnorr,2048,128,PKRecon,0,30,5365600,44,33,32
schnorr,2048,128,Setup,0,31,546200,0,33,32
schnorr,2048,128,iCertGen,0,31,1168200,44,33,32
schnorr,2048,128,SKGen,0,31,57100,44,33,32
schnorr,2048,128,PKRecon,0,31,5464800,44,33,32
schnorr,2048,128,Setup,0,32,567900,0,33,32
schnorr,2048,128,iCertGen,0,32,1129300,44,33,32
schnorr,2048,128,SKGen,0,32,54900,44,33,32
schnorr,2048,128,PKRecon,0,32,5345700,44,33,32
schnorr,2048,128,Setup,0,33,548600,0,33,32
schnorr,2048,128,iCertGen,0,33,1145100,44,33,32
schnorr,2048,128,SKGen,0,33,56300,44,33,32
schnorr,2048,128,PKRecon,0,33,5390600,44,33,32
schnorr,2048,128,Setup,0,34,505000,0,33,32
schnorr,2048,128,iCertGen,0,34,1159700,44,33,32
schnorr,2048,128,SKGen,0,34,55600,44,33,32
schnorr,2048,128,PKRecon,0,34,5086800,44,33,32
schnorr,2048,128,Setup,0,35,530800,0,33,32
schnorr,2048,128,iCertGen,0,35,1166800,44,33,32
schnorr,2048,128,SKGen,0,35,56400,44,33,32
schnorr,2048,128,PKRecon,0,35,5150400,44,33,32
schnorr,2048,128,Setup,0,36,515300,0,33,32
schnorr,2048,128,iCertGen,0,36,1175500,44,33,32
schnorr,2048,128,SKGen,0,36,55700,44,33,32
schnorr,2048,128,PKRecon,0,36,5152600,44,33,32
schnorr,2048,128,Setup,0,37,561400,0,33,32
schnorr,2048,128,iCertGen,0,37,1142800,44,33,32
schnorr,2048,128,SKGen,0,37,56200,44,33,32
schnorr,2048,128,PKRecon,0,37,5156500,44,33,32
schnorr,2048,128,Setup,0,38,581800,0,33,32
schnorr,2048,128,iCertGen,0,38,1128500,44,33,32
schnorr,2048,128,SKGen,0,38,56700,44,33,32
schnorr,2048,128,PKRecon,0,38,5198300,44,33,32
schnorr,2048,128,Setup,0,39,498800,0,33,32
schnorr,2048,128,iCertGen,0,39,1273200,44,33,32
schnorr,2048,128,SKGen,0,39,52700,44,33,32
schnorr,2048,128,PKRecon,0,39,5078800,44,33,32
schnorr,2048,128,Setup,0,40,559800,0,33,32
schnorr,2048,128,iCertGen,0,40,1146600,44,33,32
schnorr,2048,128,SKGen,0,40,55800,44,33,32
schnorr,2048,128,PKRecon,0,40,5290000,44,33,32
schnorr,2048,128,Setup,0,41,535800,0,33,32
schnorr,2048,128,iCertGen,0,41,1182000,44,33,32
schnorr,2048,128,SKGen,0,41,56800,44,33,32
schnorr,2048,128,PKRecon,0,41,5355800,44,33,32
schnorr,2048,128,Setup,0,42,549900,0,33,32
schnorr,2048,128,iCertGen,0,42,1228700,44,33,32
schnorr,2048,128,SKGen,0,42,55400,44,33,32
schnorr,2048,128,PKRecon,0,42,5178700,44,33,32
schnorr,2048,128,Setup,0,43,535400,0,33,32
schnorr,2048,128,iCertGen,0,43,1252200,44,33,32
schnorr,2048,128,SKGen,0,43,55600,44,33,32
schnorr,2048,128,PKRecon,0,43,5087000,44,33,32
schnorr,2048,128,Setup,0,44,515500,0,33,32
schnorr,2048,128,iCertGen,0,44,1204600,44,33,32
schnorr,2048,128,SKGen,0,44,53500,44,33,32
schnorr,2048,128,PKRecon,0,44,5180900,44,33,32
schnorr,2048,128,Setup,0,45,497100,0,33,32
schnorr,2048,128,iCertGen,0,45,1193600,44,33,32
schnorr,2048,128,SKGen,0,45,56500,44,33,32
schnorr,2048,128,PKRecon,0,45,5251200,44,33,32
schnorr,2048,128,Setup,0,46,583800,0,33,32
schnorr,2048,128,iCertGen,0,46,1212500,44,33,32
schnorr,2048,128,SKGen,0,46,55100,44,33,32
schnorr,2048,128,PKRecon,0,46,5092400,44,33,32
schnorr,2048,128,Setup,0,47,537100,0,33,32
schnorr,2048,128,iCertGen,0,47,1168200,44,33,32
schnorr,2048,128,SKGen,0,47,55900,44,33,32
schnorr,2048,128,PKRecon,0,47,5144800,44,33,32
schnorr,2048,128,Setup,0,48,583400,0,33,32
schnorr,2048,128,iCertGen,0,48,1198500,44,33,32
schnorr,2048,128,SKGen,0,48,56900,44,33,32
schnorr,2048,128,PKRecon,0,48,5140400,44,33,32
schnorr,2048,128,Setup,0,49,599400,0,33,32
schnorr,2048,128,iCertGen,0,49,1305300,44,33,32
schnorr,2048,128,SKGen,0,49,57700,44,33,32
schnorr,2048,128,PKRecon,0,49,5345900,44,33,32
schnorr,2048,128,Setup,0,50,517300,0,33,32
schnorr,2048,128,iCertGen,0,50,1173300,44,33,32
schnorr,2048,128,SKGen,0,50,54900,44,33,32
schnorr,2048,128,PKRecon,0,50,5077300,44,33,32
schnorr,2048,128,Setup,0,51,582400,0,33,32
schnorr,2048,128,iCertGen,0,51,1198900,44,33,32
schnorr,2048,128,SKGen,0,51,53700,44,33,32
schnorr,2048,128,PKRecon,0,51,5256900,44,33,32
schnorr,2048,128,Setup,0,52,526600,0,33,32
schnorr,2048,128,iCertGen,0,52,1204600,44,33,32
schnorr,2048,128,SKGen,0,52,62800,44,33,32
schnorr,2048,128,PKRecon,0,52,5463300,44,33,32
schnorr,2048,128,Setup,0,53,537800,0,33,32
schnorr,2048,128,iCertGen,0,53,1277500,44,33,32
schnorr,2048,128,SKGen,0,53,55300,44,33,32
schnorr,2048,128,PKRecon,0,53,5177000,44,33,32
schnorr,2048,128,Setup,0,54,564200,0,33,32
schnorr,2048,128,iCertGen,0,54,1195600,44,33,32
schnorr,2048,128,SKGen,0,54,57600,44,33,32
schnorr,2048,128,PKRecon,0,54,5384600,44,33,32
schnorr,2048,128,Setup,0,55,563200,0,33,32
schnorr,2048,128,iCertGen,0,55,1232700,44,33,32
schnorr,2048,128,SKGen,0,55,56900,44,33,32
schnorr,2048,128,PKRecon,0,55,5389000,44,33,32
schnorr,2048,128,Setup,0,56,584300,0,33,32
schnorr,2048,128,iCertGen,0,56,1199800,44,33,32
schnorr,2048,128,SKGen,0,56,57900,44,33,32
schnorr,2048,128,PKRecon,0,56,5386200,44,33,32
schnorr,2048,128,Setup,0,57,578200,0,33,32
schnorr,2048,128,iCertGen,0,57,1247000,44,33,32
schnorr,2048,128,SKGen,0,57,55400,44,33,32
schnorr,2048,128,PKRecon,0,57,5262900,44,33,32
schnorr,2048,128,Setup,0,58,550300,0,33,32
schnorr,2048,128,iCertGen,0,58,1184000,44,33,32
schnorr,2048,128,SKGen,0,58,56000,44,33,32
schnorr,2048,128,PKRecon,0,58,5195900,44,33,32
schnorr,2048,128,Setup,0,59,521500,0,33,32
schnorr,2048,128,iCertGen,0,59,1195500,44,33,32
schnorr,2048,128,SKGen,0,59,57100,44,33,32
schnorr,2048,128,PKRecon,0,59,5207800,44,33,32
schnorr,2048,128,Setup,0,60,542900,0,33,32
schnorr,2048,128,iCertGen,0,60,1185400,44,33,32
schnorr,2048,128,SKGen,0,60,57100,44,33,32
schnorr,2048,128,PKRecon,0,60,5315300,44,33,32
schnorr,2048,128,Setup,0,61,539600,0,33,32
schnorr,2048,128,iCertGen,0,61,1200100,44,33,32
schnorr,2048,128,SKGen,0,61,55600,44,33,32
schnorr,2048,128,PKRecon,0,61,5383400,44,33,32
schnorr,2048,128,Setup,0,62,529900,0,33,32
schnorr,2048,128,iCertGen,0,62,1254700,44,33,32
schnorr,2048,128,SKGen,0,62,61200,44,33,32
schnorr,2048,128,PKRecon,0,62,5196100,44,33,32
schnorr,2048,128,Setup,0,63,527900,0,33,32
schnorr,2048,128,iCertGen,0,63,1108600,44,33,32
schnorr,2048,128,SKGen,0,63,54400,44,33,32
schnorr,2048,128,PKRecon,0,63,5057200,44,33,32
schnorr,2048,128,Setup,0,64,519800,0,33,32
schnorr,2048,128,iCertGen,0,64,1791800,44,33,32
schnorr,2048,128,SKGen,0,64,84700,44,33,32
schnorr,2048,128,PKRecon,0,64,6134100,44,33,32
schnorr,2048,128,Setup,0,65,535300,0,33,32
schnorr,2048,128,iCertGen,0,65,1212700,44,33,32
schnorr,2048,128,SKGen,0,65,56900,44,33,32
schnorr,2048,128,PKRecon,0,65,5221100,44,33,32
schnorr,2048,128,Setup,0,66,553800,0,33,32
schnorr,2048,128,iCertGen,0,66,1233100,44,33,32
schnorr,2048,128,SKGen,0,66,56000,44,33,32
schnorr,2048,128,PKRecon,0,66,5393200,44,33,32
schnorr,2048,128,Setup,0,67,566200,0,33,32
schnorr,2048,128,iCertGen,0,67,1158400,44,33,32
schnorr,2048,128,SKGen,0,67,53900,44,33,32
schnorr,2048,128,PKRecon,0,67,5106200,44,33,32
schnorr,2048,128,Setup,0,68,556700,0,33,32
schnorr,2048,128,iCertGen,0,68,1133300,44,33,32
schnorr,2048,128,SKGen,0,68,54700,44,33,32
schnorr,2048,128,PKRecon,0,68,5027700,44,33,32
schnorr,2048,128,Setup,0,69,550300,0,33,32
schnorr,2048,128,iCertGen,0,69,1244900,44,33,32
schnorr,2048,128,SKGen,0,69,56400,44,33,32
schnorr,2048,128,PKRecon,0,69,5400000,44,33,32
schnorr,2048,128,Setup,0,70,526000,0,33,32
schnorr,2048,128,iCertGen,0,70,1225800,44,33,32
schnorr,2048,128,SKGen,0,70,52900,44,33,32
schnorr,2048,128,PKRecon,0,70,5239600,44,33,32
schnorr,2048,128,Setup,0,71,602700,0,33,32
schnorr,2048,128,iCertGen,0,71,1271400,44,33,32
schnorr,2048,128,SKGen,0,71,53900,44,33,32
schnorr,2048,128,PKRecon,0,71,5056000,44,33,32
schnorr,2048,128,Setup,0,72,542800,0,33,32
schnorr,2048,128,iCertGen,0,72,1198200,44,33,32
schnorr,2048,128,SKGen,0,72,52900,44,33,32
schnorr,2048,128,PKRecon,0,72,5026000,44,33,32
schnorr,2048,128,Setup,0,73,529900,0,33,32
schnorr,2048,128,iCertGen,0,73,1177400,44,33,32
schnorr,2048,128,SKGen,0,73,54800,44,33,32
schnorr,2048,128,PKRecon,0,73,5268300,44,33,32
schnorr,2048,128,Setup,0,74,525900,0,33,32
schnorr,2048,128,iCertGen,0,74,1219400,44,33,32
schnorr,2048,128,SKGen,0,74,57200,44,33,32
schnorr,2048,128,PKRecon,0,74,5341100,44,33,32
schnorr,2048,128,Setup,0,75,612000,0,33,32
schnorr,2048,128,iCertGen,0,75,1167200,44,33,32
schnorr,2048,128,SKGen,0,75,55500,44,33,32
schnorr,2048,128,PKRecon,0,75,5344500,44,33,32
schnorr,2048,128,Setup,0,76,593100,0,33,32
schnorr,2048,128,iCertGen,0,76,1227100,44,33,32
schnorr,2048,128,SKGen,0,76,57500,44,33,32
schnorr,2048,128,PKRecon,0,76,5425100,44,33,32
schnorr,2048,128,Setup,0,77,508900,0,33,32
schnorr,2048,128,iCertGen,0,77,1251700,44,33,32
schnorr,2048,128,SKGen,0,77,54400,44,33,32
schnorr,2048,128,PKRecon,0,77,5111500,44,33,32
schnorr,2048,128,Setup,0,78,498500,0,33,32
schnorr,2048,128,iCertGen,0,78,1170300,44,33,32
schnorr,2048,128,SKGen,0,78,58500,44,33,32
schnorr,2048,128,PKRecon,0,78,5397100,44,33,32
schnorr,2048,128,Setup,0,79,564800,0,33,32
schnorr,2048,128,iCertGen,0,79,1175700,44,33,32
schnorr,2048,128,SKGen,0,79,53200,44,33,32
schnorr,2048,128,PKRecon,0,79,5192200,44,33,32
schnorr,2048,128,Setup,0,80,519100,0,33,32
schnorr,2048,128,iCertGen,0,80,1167800,44,33,32
schnorr,2048,128,SKGen,0,80,54600,44,33,32
schnorr,2048,128,PKRecon,0,80,5102800,44,33,32
schnorr,2048,128,Setup,0,81,553900,0,33,32
schnorr,2048,128,iCertGen,0,81,1246800,44,33,32
schnorr,2048,128,SKGen,0,81,55600,44,33,32
schnorr,2048,128,PKRecon,0,81,5287300,44,33,32
schnorr,2048,128,Setup,0,82,521700,0,33,32
schnorr,2048,128,iCertGen,0,82,1176300,44,33,32
schnorr,2048,128,SKGen,0,82,58900,44,33,32
schnorr,2048,128,PKRecon,0,82,5593500,44,33,32
schnorr,2048,128,Setup,0,83,523500,0,33,32
schnorr,2048,128,iCertGen,0,83,1240500,44,33,32
schnorr,2048,128,SKGen,0,83,56100,44,33,32
schnorr,2048,128,PKRecon,0,83,5246100,44,33,32
schnorr,2048,128,Setup,0,84,549400,0,33,32
schnorr,2048,128,iCertGen,0,84,1187400,44,33,32
schnorr,2048,128,SKGen,0,84,58100,44,33,32
schnorr,2048,128,PKRecon,0,84,5518100,44,33,32
schnorr,2048,128,Setup,0,85,489300,0,33,32
schnorr,2048,128,iCertGen,0,85,1229700,44,33,32
schnorr,2048,128,SKGen,0,85,55500,44,33,32
schnorr,2048,128,PKRecon,0,85,5158400,44,33,32
schnorr,2048,128,Setup,0,86,577700,0,33,32
schnorr,2048,128,iCertGen,0,86,1217400,44,33,32
schnorr,2048,128,SKGen,0,86,55700,44,33,32
schnorr,2048,128,PKRecon,0,86,5182700,44,33,32
schnorr,2048,128,Setup,0,87,526600,0,33,32
schnorr,2048,128,iCertGen,0,87,1222000,44,33,32
schnorr,2048,128,SKGen,0,87,53900,44,33,32
schnorr,2048,128,PKRecon,0,87,5004300,44,33,32
schnorr,2048,128,Setup,0,88,576600,0,33,32
schnorr,2048,128,iCertGen,0,88,1187700,44,33,32
schnorr,2048,128,SKGen,0,88,57500,44,33,32
schnorr,2048,128,PKRecon,0,88,5291700,44,33,32
schnorr,2048,128,Setup,0,89,594100,0,33,32
schnorr,2048,128,iCertGen,0,89,1139200,44,33,32
schnorr,2048,128,SKGen,0,89,55100,44,33,32
schnorr,2048,128,PKRecon,0,89,5112500,44,33,32
schnorr,2048,128,Setup,0,90,583200,0,33,32
schnorr,2048,128,iCertGen,0,90,1184900,44,33,32
schnorr,2048,128,SKGen,0,90,56200,44,33,32
schnorr,2048,128,PKRecon,0,90,5293200,44,33,32
schnorr,2048,128,Setup,0,91,549000,0,33,32
schnorr,2048,128,iCertGen,0,91,1141600,44,33,32
schnorr,2048,128,SKGen,0,91,56800,44,33,32
schnorr,2048,128,PKRecon,0,91,5536900,44,33,32
schnorr,2048,128,Setup,0,92,549000,0,33,32
schnorr,2048,128,iCertGen,0,92,1179400,44,33,32
schnorr,2048,128,SKGen,0,92,56300,44,33,32
schnorr,2048,128,PKRecon,0,92,5127100,44,33,32
schnorr,2048,128,Setup,0,93,555500,0,33,32
schnorr,2048,128,iCertGen,0,93,1194200,44,33,32
schnorr,2048,128,SKGen,0,93,59600,44,33,32
schnorr,2048,128,PKRecon,0,93,5483000,44,33,32
schnorr,2048,128,Setup,0,94,540700,0,33,32
schnorr,2048,128,iCertGen,0,94,1221200,44,33,32
schnorr,2048,128,SKGen,0,94,57600,44,33,32
schnorr,2048,128,PKRecon,0,94,5333800,44,33,32
schnorr,2048,128,Setup,0,95,576200,0,33,32
schnorr,2048,128,iCertGen,0,95,1177500,44,33,32
schnorr,2048,128,SKGen,0,95,56000,44,33,32
schnorr,2048,128,PKRecon,0,95,5307600,44,33,32
schnorr,2048,128,Setup,0,96,497400,0,33,32
schnorr,2048,128,iCertGen,0,96,1186800,44,33,32
schnorr,2048,128,SKGen,0,96,54300,44,33,32
schnorr,2048,128,PKRecon,0,96,5138400,44,33,32
schnorr,2048,128,Setup,0,97,541600,0,33,32
schnorr,2048,128,iCertGen,0,97,1235000,44,33,32
schnorr,2048,128,SKGen,0,97,57700,44,33,32
schnorr,2048,128,PKRecon,0,97,5314900,44,33,32
schnorr,2048,128,Setup,0,98,549100,0,33,32
schnorr,2048,128,iCertGen,0,98,1243700,44,33,32
schnorr,2048,128,SKGen,0,98,54300,44,33,32
schnorr,2048,128,PKRecon,0,98,5024400,44,33,32
schnorr,2048,128,Setup,0,99,504700,0,33,32
schnorr,2048,128,iCertGen,0,99,1169500,44,33,32
schnorr,2048,128,SKGen,0,99,54000,44,33,32
schnorr,2048,128,PKRecon,0,99,4959000,44,33,32
schnorr,2048,128,Setup,0,100,589400,0,33,32
schnorr,2048,128,iCertGen,0,100,1179600,44,33,32
schnorr,2048,128,SKGen,0,100,56000,44,33,32
schnorr,2048,128,PKRecon,0,100,5215000,44,33,32
schnorr,2048,128,Setup,0,101,520700,0,33,32
schnorr,2048,128,iCertGen,0,101,1130000,44,33,32
schnorr,2048,128,SKGen,0,101,54900,44,33,32
schnorr,2048,128,PKRecon,0,101,5177900,44,33,32
schnorr,2048,128,Setup,0,102,524700,0,33,32
schnorr,2048,128,iCertGen,0,102,1262500,44,33,32
schnorr,2048,128,SKGen,0,102,55900,44,33,32
schnorr,2048,128,PKRecon,0,102,5234100,44,33,32
schnorr,2048,128,Setup,0,103,530700,0,33,32
schnorr,2048,128,iCertGen,0,103,1283600,44,33,32
schnorr,2048,128,SKGen,0,103,52900,44,33,32
schnorr,2048,128,PKRecon,0,103,4944800,44,33,32
schnorr,2048,128,Setup,0,104,560000,0,33,32
schnorr,2048,128,iCertGen,0,104,1197700,44,33,32
schnorr,2048,128,SKGen,0,104,52200,44,33,32
schnorr,2048,128,PKRecon,0,104,4914300,44,33,32
schnorr,2048,128,Setup,0,105,520800,0,33,32
schnorr,2048,128,iCertGen,0,105,1135100,44,33,32
schnorr,2048,128,SKGen,0,105,55600,44,33,32
schnorr,2048,128,PKRecon,0,105,5164600,44,33,32
schnorr,2048,128,Setup,0,106,528700,0,33,32
schnorr,2048,128,iCertGen,0,106,1118700,44,33,32
schnorr,2048,128,SKGen,0,106,52200,44,33,32
schnorr,2048,128,PKRecon,0,106,4918800,44,33,32
schnorr,2048,128,Setup,0,107,485400,0,33,32
schnorr,2048,128,iCertGen,0,107,1092600,44,33,32
schnorr,2048,128,SKGen,0,107,51700,44,33,32
schnorr,2048,128,PKRecon,0,107,4992400,44,33,32
schnorr,2048,128,Setup,0,108,494500,0,33,32
schnorr,2048,128,iCertGen,0,108,1089000,44,33,32
schnorr,2048,128,SKGen,0,108,52100,44,33,32
schnorr,2048,128,PKRecon,0,108,4878700,44,33,32
schnorr,2048,128,Setup,0,109,517600,0,33,32
schnorr,2048,128,iCertGen,0,109,1141200,44,33,32
schnorr,2048,128,SKGen,0,109,52800,44,33,32
schnorr,2048,128,PKRecon,0,109,5432300,44,33,32
schnorr,2048,128,Setup,0,110,528300,0,33,32
schnorr,2048,128,iCertGen,0,110,1094600,44,33,32
schnorr,2048,128,SKGen,0,110,54000,44,33,32
schnorr,2048,128,PKRecon,0,110,5045600,44,33,32
schnorr,2048,128,Setup,0,111,559200,0,33,32
schnorr,2048,128,iCertGen,0,111,1130200,44,33,32
schnorr,2048,128,SKGen,0,111,57700,44,33,32
schnorr,2048,128,PKRecon,0,111,5100300,44,33,32
schnorr,2048,128,Setup,0,112,548800,0,33,32
schnorr,2048,128,iCertGen,0,112,1127000,44,33,32
schnorr,2048,128,SKGen,0,112,53200,44,33,32
schnorr,2048,128,PKRecon,0,112,4971700,44,33,32
schnorr,2048,128,Setup,0,113,534100,0,33,32
schnorr,2048,128,iCertGen,0,113,1133300,44,33,32
schnorr,2048,128,SKGen,0,113,53400,44,33,32
schnorr,2048,128,PKRecon,0,113,4923000,44,33,32
schnorr,2048,128,Setup,0,114,512600,0,33,32
schnorr,2048,128,iCertGen,0,114,1134500,44,33,32
schnorr,2048,128,SKGen,0,114,53000,44,33,32
schnorr,2048,128,PKRecon,0,114,4883400,44,33,32
schnorr,2048,128,Setup,0,115,550600,0,33,32
schnorr,2048,128,iCertGen,0,115,1082600,44,33,32
schnorr,2048,128,SKGen,0,115,54300,44,33,32
schnorr,2048,128,PKRecon,0,115,5091800,44,33,32
schnorr,2048,128,Setup,0,116,541600,0,33,32
schnorr,2048,128,iCertGen,0,116,1115300,44,33,32
schnorr,2048,128,SKGen,0,116,53200,44,33,32
schnorr,2048,128,PKRecon,0,116,5033000,44,33,32
schnorr,2048,128,Setup,0,117,521900,0,33,32
schnorr,2048,128,iCertGen,0,117,1149000,44,33,32
schnorr,2048,128,SKGen,0,117,53700,44,33,32
schnorr,2048,128,PKRecon,0,117,4998500,44,33,32
schnorr,2048,128,Setup,0,118,565000,0,33,32
schnorr,2048,128,iCertGen,0,118,1097300,44,33,32
schnorr,2048,128,SKGen,0,118,53100,44,33,32
schnorr,2048,128,PKRecon,0,118,4966500,44,33,32
schnorr,2048,128,Setup,0,119,496000,0,33,32
schnorr,2048,128,iCertGen,0,119,1113900,44,33,32
schnorr,2048,128,SKGen,0,119,51500,44,33,32
schnorr,2048,128,PKRecon,0,119,4885400,44,33,32
schnorr,2048,128,Setup,0,120,531100,0,33,32
schnorr,2048,128,iCertGen,0,120,1125600,44,33,32
schnorr,2048,128,SKGen,0,120,55100,44,33,32
schnorr,2048,128,PKRecon,0,120,4972200,44,33,32
schnorr,2048,128,Setup,0,121,521700,0,33,32
schnorr,2048,128,iCertGen,0,121,1151100,44,33,32
schnorr,2048,128,SKGen,0,121,50900,44,33,32
schnorr,2048,128,PKRecon,0,121,4745400,44,33,32
schnorr,2048,128,Setup,0,122,515500,0,33,32
schnorr,2048,128,iCertGen,0,122,1145300,44,33,32
schnorr,2048,128,SKGen,0,122,51200,44,33,32
schnorr,2048,128,PKRecon,0,122,4866900,44,33,32
schnorr,2048,128,Setup,0,123,511000,0,33,32
schnorr,2048,128,iCertGen,0,123,1166100,44,33,32
schnorr,2048,128,SKGen,0,123,52500,44,33,32
schnorr,2048,128,PKRecon,0,123,5040700,44,33,32
schnorr,2048,128,Setup,0,124,469100,0,33,32
schnorr,2048,128,iCertGen,0,124,1115400,44,33,32
schnorr,2048,128,SKGen,0,124,54800,44,33,32
schnorr,2048,128,PKRecon,0,124,5104600,44,33,32
schnorr,2048,128,Setup,0,125,506400,0,33,32
schnorr,2048,128,iCertGen,0,125,1110900,44,33,32
schnorr,2048,128,SKGen,0,125,50400,44,33,32
schnorr,2048,128,PKRecon,0,125,4790400,44,33,32
schnorr,2048,128,Setup,0,126,460100,0,33,32
schnorr,2048,128,iCertGen,0,126,1126400,44,33,32
schnorr,2048,128,SKGen,0,126,54300,44,33,32
schnorr,2048,128,PKRecon,0,126,5098500,44,33,32
schnorr,2048,128,Setup,0,127,540700,0,33,32
schnorr,2048,128,iCertGen,0,127,1095300,44,33,32
schnorr,2048,128,SKGen,0,127,51100,44,33,32
schnorr,2048,128,PKRecon,0,127,4758900,44,33,32
schnorr,2048,128,Setup,0,128,519800,0,33,32
schnorr,2048,128,iCertGen,0,128,1165700,44,33,32
schnorr,2048,128,SKGen,0,128,55200,44,33,32
schnorr,2048,128,PKRecon,0,128,5269500,44,33,32
schnorr,2048,128,Setup,0,129,527600,0,33,32
schnorr,2048,128,iCertGen,0,129,1130300,44,33,32
schnorr,2048,128,SKGen,0,129,50700,44,33,32
schnorr,2048,128,PKRecon,0,129,4779400,44,33,32
schnorr,2048,128,Setup,0,130,504600,0,33,32
schnorr,2048,128,iCertGen,0,130,1119900,44,33,32
schnorr,2048,128,SKGen,0,130,53900,44,33,32
schnorr,2048,128,PKRecon,0,130,4947800,44,33,32
schnorr,2048,128,Setup,0,131,552800,0,33,32
schnorr,2048,128,iCertGen,0,131,1122200,44,33,32
schnorr,2048,128,SKGen,0,131,52000,44,33,32
schnorr,2048,128,PKRecon,0,131,6181400,44,33,32
schnorr,2048,128,Setup,0,132,556000,0,33,32
schnorr,2048,128,iCertGen,0,132,1187300,44,33,32
schnorr,2048,128,SKGen,0,132,57900,44,33,32
schnorr,2048,128,PKRecon,0,132,5409400,44,33,32
schnorr,2048,128,Setup,0,133,588700,0,33,32
schnorr,2048,128,iCertGen,0,133,1200500,44,33,32
schnorr,2048,128,SKGen,0,133,57200,44,33,32
schnorr,2048,128,PKRecon,0,133,5305700,44,33,32
schnorr,2048,128,Setup,0,134,643800,0,33,32
schnorr,2048,128,iCertGen,0,134,1538600,44,33,32
schnorr,2048,128,SKGen,0,134,68000,44,33,32
schnorr,2048,128,PKRecon,0,134,5532300,44,33,32
schnorr,2048,128,Setup,0,135,569400,0,33,32
schnorr,2048,128,iCertGen,0,135,1239400,44,33,32
schnorr,2048,128,SKGen,0,135,54300,44,33,32
schnorr,2048,128,PKRecon,0,135,5740100,44,33,32
schnorr,2048,128,Setup,0,136,530400,0,33,32
schnorr,2048,128,iCertGen,0,136,1217500,44,33,32
schnorr,2048,128,SKGen,0,136,54600,44,33,32
schnorr,2048,128,PKRecon,0,136,5714300,44,33,32
schnorr,2048,128,Setup,0,137,532900,0,33,32
schnorr,2048,128,iCertGen,0,137,1205800,44,33,32
schnorr,2048,128,SKGen,0,137,54400,44,33,32
schnorr,2048,128,PKRecon,0,137,5398300,44,33,32
schnorr,2048,128,Setup,0,138,705000,0,33,32
schnorr,2048,128,iCertGen,0,138,1310700,44,33,32
schnorr,2048,128,SKGen,0,138,56200,44,33,32
schnorr,2048,128,PKRecon,0,138,5107500,44,33,32
schnorr,2048,128,Setup,0,139,645100,0,33,32
schnorr,2048,128,iCertGen,0,139,1288200,44,33,32
schnorr,2048,128,SKGen,0,139,57100,44,33,32
schnorr,2048,128,PKRecon,0,139,5656700,44,33,32
schnorr,2048,128,Setup,0,140,580100,0,33,32
schnorr,2048,128,iCertGen,0,140,1463000,44,33,32
schnorr,2048,128,SKGen,0,140,69200,44,33,32
schnorr,2048,128,PKRecon,0,140,6058500,44,33,32
schnorr,2048,128,Setup,0,141,986100,0,33,32
schnorr,2048,128,iCertGen,0,141,1717800,44,33,32
schnorr,2048,128,SKGen,0,141,68300,44,33,32
schnorr,2048,128,PKRecon,0,141,5654100,44,33,32
schnorr,2048,128,Setup,0,142,531200,0,33,32
schnorr,2048,128,iCertGen,0,142,1148500,44,33,32
schnorr,2048,128,SKGen,0,142,54000,44,33,32
schnorr,2048,128,PKRecon,0,142,5184600,44,33,32
schnorr,2048,128,Setup,0,143,528900,0,33,32
schnorr,2048,128,iCertGen,0,143,1207000,44,33,32
schnorr,2048,128,SKGen,0,143,55900,44,33,32
schnorr,2048,128,PKRecon,0,143,5333000,44,33,32
schnorr,2048,128,Setup,0,144,546900,0,33,32
schnorr,2048,128,iCertGen,0,144,1113800,44,33,32
schnorr,2048,128,SKGen,0,144,58800,44,33,32
schnorr,2048,128,PKRecon,0,144,5437900,44,33,32
schnorr,2048,128,Setup,0,145,559800,0,33,32
schnorr,2048,128,iCertGen,0,145,1234300,44,33,32
schnorr,2048,128,SKGen,0,145,56500,44,33,32
schnorr,2048,128,PKRecon,0,145,5340600,44,33,32
schnorr,2048,128,Setup,0,146,582900,0,33,32
schnorr,2048,128,iCertGen,0,146,1218800,44,33,32
schnorr,2048,128,SKGen,0,146,58600,44,33,32
schnorr,2048,128,PKRecon,0,146,5689200,44,33,32
schnorr,2048,128,Setup,0,147,526300,0,33,32
schnorr,2048,128,iCertGen,0,147,1215400,44,33,32
schnorr,2048,128,SKGen,0,147,56400,44,33,32
schnorr,2048,128,PKRecon,0,147,5168000,44,33,32
schnorr,2048,128,Setup,0,148,552000,0,33,32
schnorr,2048,128,iCertGen,0,148,1186600,44,33,32
schnorr,2048,128,SKGen,0,148,56100,44,33,32
schnorr,2048,128,PKRecon,0,148,5318000,44,33,32
schnorr,2048,128,Setup,0,149,551500,0,33,32
schnorr,2048,128,iCertGen,0,149,1197500,44,33,32
schnorr,2048,128,SKGen,0,149,55400,44,33,32
schnorr,2048,128,PKRecon,0,149,5209000,44,33,32
schnorr,2048,128,Setup,0,150,520900,0,33,32
schnorr,2048,128,iCertGen,0,150,1183900,44,33,32
schnorr,2048,128,SKGen,0,150,52100,44,33,32
schnorr,2048,128,PKRecon,0,150,4971200,44,33,32
schnorr,2048,128,Setup,0,151,509700,0,33,32
schnorr,2048,128,iCertGen,0,151,1195600,44,33,32
schnorr,2048,128,SKGen,0,151,56800,44,33,32
schnorr,2048,128,PKRecon,0,151,5282600,44,33,32
schnorr,2048,128,Setup,0,152,531400,0,33,32
schnorr,2048,128,iCertGen,0,152,1203600,44,33,32
schnorr,2048,128,SKGen,0,152,57400,44,33,32
schnorr,2048,128,PKRecon,0,152,5265800,44,33,32
schnorr,2048,128,Setup,0,153,503100,0,33,32
schnorr,2048,128,iCertGen,0,153,1200600,44,33,32
schnorr,2048,128,SKGen,0,153,56300,44,33,32
schnorr,2048,128,PKRecon,0,153,5324200,44,33,32
schnorr,2048,128,Setup,0,154,521700,0,33,32
schnorr,2048,128,iCertGen,0,154,1221700,44,33,32
schnorr,2048,128,SKGen,0,154,56800,44,33,32
schnorr,2048,128,PKRecon,0,154,5160000,44,33,32
schnorr,2048,128,Setup,0,155,525900,0,33,32
schnorr,2048,128,iCertGen,0,155,1149200,44,33,32
schnorr,2048,128,SKGen,0,155,53400,44,33,32
schnorr,2048,128,PKRecon,0,155,4946800,44,33,32
schnorr,2048,128,Setup,0,156,568900,0,33,32
schnorr,2048,128,iCertGen,0,156,1201900,44,33,32
schnorr,2048,128,SKGen,0,156,61900,44,33,32
schnorr,2048,128,PKRecon,0,156,5364400,44,33,32
schnorr,2048,128,Setup,0,157,535300,0,33,32
schnorr,2048,128,iCertGen,0,157,1226000,44,33,32
schnorr,2048,128,SKGen,0,157,53900,44,33,32
schnorr,2048,128,PKRecon,0,157,5284900,44,33,32
schnorr,2048,128,Setup,0,158,554200,0,33,32
schnorr,2048,128,iCertGen,0,158,1185400,44,33,32
schnorr,2048,128,SKGen,0,158,57200,44,33,32
schnorr,2048,128,PKRecon,0,158,5307700,44,33,32
schnorr,2048,128,Setup,0,159,547400,0,33,32
schnorr,2048,128,iCertGen,0,159,1172000,44,33,32
schnorr,2048,128,SKGen,0,159,61000,44,33,32
schnorr,2048,128,PKRecon,0,159,5298000,44,33,32
schnorr,2048,128,Setup,0,160,553600,0,33,32
schnorr,2048,128,iCertGen,0,160,1249000,44,33,32
schnorr,2048,128,SKGen,0,160,57800,44,33,32
schnorr,2048,128,PKRecon,0,160,5428800,44,33,32
schnorr,2048,128,Setup,0,161,538800,0,33,32
schnorr,2048,128,iCertGen,0,161,1199900,44,33,32
schnorr,2048,128,SKGen,0,161,56900,44,33,32
schnorr,2048,128,PKRecon,0,161,5217800,44,33,32
schnorr,2048,128,Setup,0,162,549700,0,33,32
schnorr,2048,128,iCertGen,0,162,1182600,44,33,32
schnorr,2048,128,SKGen,0,162,62100,44,33,32
schnorr,2048,128,PKRecon,0,162,5213800,44,33,32
schnorr,2048,128,Setup,0,163,570900,0,33,32
schnorr,2048,128,iCertGen,0,163,1182300,44,33,32
schnorr,2048,128,SKGen,0,163,57000,44,33,32
schnorr,2048,128,PKRecon,0,163,5275500,44,33,32
schnorr,2048,128,Setup,0,164,520500,0,33,32
schnorr,2048,128,iCertGen,0,164,1180800,44,33,32
schnorr,2048,128,SKGen,0,164,55700,44,33,32
schnorr,2048,128,PKRecon,0,164,5215300,44,33,32
schnorr,2048,128,Setup,0,165,554100,0,33,32
schnorr,2048,128,iCertGen,0,165,1235800,44,33,32
schnorr,2048,128,SKGen,0,165,56000,44,33,32
schnorr,2048,128,PKRecon,0,165,5289900,44,33,32
schnorr,2048,128,Setup,0,166,530300,0,33,32
schnorr,2048,128,iCertGen,0,166,1141600,44,33,32
schnorr,2048,128,SKGen,0,166,54100,44,33,32
schnorr,2048,128,PKRecon,0,166,4957900,44,33,32
schnorr,2048,128,Setup,0,167,571300,0,33,32
schnorr,2048,128,iCertGen,0,167,1251500,44,33,32
schnorr,2048,128,SKGen,0,167,57400,44,33,32
schnorr,2048,128,PKRecon,0,167,5412800,44,33,32
schnorr,2048,128,Setup,0,168,555900,0,33,32
schnorr,2048,128,iCertGen,0,168,1178200,44,33,32
schnorr,2048,128,SKGen,0,168,56700,44,33,32
schnorr,2048,128,PKRecon,0,168,5297900,44,33,32
schnorr,2048,128,Setup,0,169,505400,0,33,32
schnorr,2048,128,iCertGen,0,169,1099000,44,33,32
schnorr,2048,128,SKGen,0,169,56400,44,33,32
schnorr,2048,128,PKRecon,0,169,5787800,44,33,32
schnorr,2048,128,Setup,0,170,505200,0,33,32
schnorr,2048,128,iCertGen,0,170,1216400,44,33,32
schnorr,2048,128,SKGen,0,170,56500,44,33,32
schnorr,2048,128,PKRecon,0,170,5274300,44,33,32
schnorr,2048,128,Setup,0,171,578500,0,33,32
schnorr,2048,128,iCertGen,0,171,1202000,44,33,32
schnorr,2048,128,SKGen,0,171,54700,44,33,32
schnorr,2048,128,PKRecon,0,171,4883200,44,33,32
schnorr,2048,128,Setup,0,172,566300,0,33,32
schnorr,2048,128,iCertGen,0,172,1241500,44,33,32
schnorr,2048,128,SKGen,0,172,58800,44,33,32
schnorr,2048,128,PKRecon,0,172,5493500,44,33,32
schnorr,2048,128,Setup,0,173,489100,0,33,32
schnorr,2048,128,iCertGen,0,173,1217100,44,33,32
schnorr,2048,128,SKGen,0,173,54400,44,33,32
schnorr,2048,128,PKRecon,0,173,5245800,44,33,32
schnorr,2048,128,Setup,0,174,576400,0,33,32
schnorr,2048,128,iCertGen,0,174,1158300,44,33,32
schnorr,2048,128,SKGen,0,174,56400,44,33,32
schnorr,2048,128,PKRecon,0,174,5161900,44,33,32
schnorr,2048,128,Setup,0,175,547200,0,33,32
schnorr,2048,128,iCertGen,0,175,1195400,44,33,32
schnorr,2048,128,SKGen,0,175,56300,44,33,32
schnorr,2048,128,PKRecon,0,175,5111700,44,33,32
schnorr,2048,128,Setup,0,176,526400,0,33,32
schnorr,2048,128,iCertGen,0,176,1172200,44,33,32
schnorr,2048,128,SKGen,0,176,54600,44,33,32
schnorr,2048,128,PKRecon,0,176,4977100,44,33,32
schnorr,2048,128,Setup,0,177,619800,0,33,32
schnorr,2048,128,iCertGen,0,177,1217900,44,33,32
schnorr,2048,128,SKGen,0,177,55800,44,33,32
schnorr,2048,128,PKRecon,0,177,5238800,44,33,32
schnorr,2048,128,Setup,0,178,560600,0,33,32
schnorr,2048,128,iCertGen,0,178,1152700,44,33,32
schnorr,2048,128,SKGen,0,178,55000,44,33,32
schnorr,2048,128,PKRecon,0,178,5148500,44,33,32
schnorr,2048,128,Setup,0,179,517800,0,33,32
schnorr,2048,128,iCertGen,0,179,1211400,44,33,32
schnorr,2048,128,SKGen,0,179,56400,44,33,32
schnorr,2048,128,PKRecon,0,179,5278600,44,33,32
schnorr,2048,128,Setup,0,180,560100,0,33,32
schnorr,2048,128,iCertGen,0,180,1235600,44,33,32
schnorr,2048,128,SKGen,0,180,57500,44,33,32
schnorr,2048,128,PKRecon,0,180,5368000,44,33,32
schnorr,2048,128,Setup,0,181,515200,0,33,32
schnorr,2048,128,iCertGen,0,181,1227600,44,33,32
schnorr,2048,128,SKGen,0,181,57400,44,33,32
schnorr,2048,128,PKRecon,0,181,5540900,44,33,32
schnorr,2048,128,Setup,0,182,568200,0,33,32
schnorr,2048,128,iCertGen,0,182,1111500,44,33,32
schnorr,2048,128,SKGen,0,182,58200,44,33,32
schnorr,2048,128,PKRecon,0,182,5256700,44,33,32
schnorr,2048,128,Setup,0,183,509100,0,33,32
schnorr,2048,128,iCertGen,0,183,1160300,44,33,32
schnorr,2048,128,SKGen,0,183,55400,44,33,32
schnorr,2048,128,PKRecon,0,183,5139300,44,33,32
schnorr,2048,128,Setup,0,184,511700,0,33,32
schnorr,2048,128,iCertGen,0,184,1222500,44,33,32
schnorr,2048,128,SKGen,0,184,55300,44,33,32
schnorr,2048,128,PKRecon,0,184,5331200,44,33,32
schnorr,2048,128,Setup,0,185,568200,0,33,32
schnorr,2048,128,iCertGen,0,185,1201700,44,33,32
schnorr,2048,128,SKGen,0,185,57000,44,33,32
schnorr,2048,128,PKRecon,0,185,5287800,44,33,32
schnorr,2048,128,Setup,0,186,601900,0,33,32
schnorr,2048,128,iCertGen,0,186,1234800,44,33,32
schnorr,2048,128,SKGen,0,186,58600,44,33,32
schnorr,2048,128,PKRecon,0,186,5526300,44,33,32
schnorr,2048,128,Setup,0,187,550100,0,33,32
schnorr,2048,128,iCertGen,0,187,1114400,44,33,32
schnorr,2048,128,SKGen,0,187,53800,44,33,32
schnorr,2048,128,PKRecon,0,187,5019100,44,33,32
schnorr,2048,128,Setup,0,188,571800,0,33,32
schnorr,2048,128,iCertGen,0,188,1164900,44,33,32
schnorr,2048,128,SKGen,0,188,57200,44,33,32
schnorr,2048,128,PKRecon,0,188,5241900,44,33,32
schnorr,2048,128,Setup,0,189,555800,0,33,32
schnorr,2048,128,iCertGen,0,189,1152500,44,33,32
schnorr,2048,128,SKGen,0,189,58600,44,33,32
schnorr,2048,128,PKRecon,0,189,5471200,44,33,32
schnorr,2048,128,Setup,0,190,534400,0,33,32
schnorr,2048,128,iCertGen,0,190,1226400,44,33,32
schnorr,2048,128,SKGen,0,190,56100,44,33,32
schnorr,2048,128,PKRecon,0,190,5385900,44,33,32
schnorr,2048,128,Setup,0,191,526300,0,33,32
schnorr,2048,128,iCertGen,0,191,1211000,44,33,32
schnorr,2048,128,SKGen,0,191,57000,44,33,32
schnorr,2048,128,PKRecon,0,191,5310300,44,33,32
schnorr,2048,128,Setup,0,192,581200,0,33,32
schnorr,2048,128,iCertGen,0,192,1201600,44,33,32
schnorr,2048,128,SKGen,0,192,56300,44,33,32
schnorr,2048,128,PKRecon,0,192,5402900,44,33,32
schnorr,2048,128,Setup,0,193,556200,0,33,32
schnorr,2048,128,iCertGen,0,193,1173800,44,33,32
schnorr,2048,128,SKGen,0,193,56000,44,33,32
schnorr,2048,128,PKRecon,0,193,5128900,44,33,32
schnorr,2048,128,Setup,0,194,530400,0,33,32
schnorr,2048,128,iCertGen,0,194,1259400,44,33,32
schnorr,2048,128,SKGen,0,194,60500,44,33,32
schnorr,2048,128,PKRecon,0,194,5645800,44,33,32
schnorr,2048,128,Setup,0,195,571400,0,33,32
schnorr,2048,128,iCertGen,0,195,1153500,44,33,32
schnorr,2048,128,SKGen,0,195,56500,44,33,32
schnorr,2048,128,PKRecon,0,195,5270600,44,33,32
schnorr,2048,128,Setup,0,196,540300,0,33,32
schnorr,2048,128,iCertGen,0,196,1195400,44,33,32
schnorr,2048,128,SKGen,0,196,57300,44,33,32
schnorr,2048,128,PKRecon,0,196,5525100,44,33,32
schnorr,2048,128,Setup,0,197,504300,0,33,32
schnorr,2048,128,iCertGen,0,197,1130200,44,33,32
schnorr,2048,128,SKGen,0,197,55500,44,33,32
schnorr,2048,128,PKRecon,0,197,5126700,44,33,32
schnorr,2048,128,Setup,0,198,559800,0,33,32
schnorr,2048,128,iCertGen,0,198,1239600,44,33,32
schnorr,2048,128,SKGen,0,198,53600,44,33,32
schnorr,2048,128,PKRecon,0,198,5009100,44,33,32
schnorr,2048,128,Setup,0,199,546200,0,33,32
schnorr,2048,128,iCertGen,0,199,1232000,44,33,32
schnorr,2048,128,SKGen,0,199,55300,44,33,32
schnorr,2048,128,PKRecon,0,199,5323200,44,33,32
